{%- if cookiecutter.use_docker == 'y' -%
}
{
    "name": "{{ cookiecutter.project_name }} Dev Container",
    "build": {
        "dockerfile": "Dockerfile"
    },
    "customizations": {
        "vscode": {
            "extensions": [
                "charliermarsh.ruff",
                "ms-python.python",
                "ms-python.debugpy",
                "davidanson.vscode-markdownlint",
                "github.copilot",
                "github.copilot-chat",
                "tamasfe.even-better-toml",
                "redhat.vscode-yaml"
            ],
            "settings": {
                "python.defaultInterpreterPath": "/usr/local/bin/python",
                "python.terminal.activateEnvironment": false,
                "terminal.integrated.defaultProfile.linux": "fish"
            }
        }
    },
    "forwardPorts": [
        8000
    ],
    "postCreateCommand": "fish -c 'echo Welcome to {{ cookiecutter.project_name }} development environment!'",
    "remoteUser": "dev"
}
{%- endif %
}